Emag|||Consola Microsoft Xbox One Slim 500 GB, White|||https://www.emag.ro/consola-microsoft-xbox-one-slim-500-gb-white-zq9-00010/pd/D01LQ7BBM/?X-Search-Id=ef468c2372e3d1da3282&X-Product-Id=1449873&X-Search-Page=1&X-Search-Position=0&X-Search-Action=view|||0
Emag|||Consola Microsoft Xbox One X, 1TB, Negru|||https://www.emag.ro/consola-microsoft-xbox-one-x-1tb-negru-cyv-00010/pd/DHVK5KBBM/?X-Search-Id=ef468c2372e3d1da3282&X-Product-Id=3652257&X-Search-Page=1&X-Search-Position=1&X-Search-Action=view|||0
Emag|||Consola Xbox One Slim 500GB + joc Minecraft  pentru Xbox One|||https://www.emag.ro/consola-xbox-one-slim-500gb-joc-minecraft-pentru-xbox-one-zq9-00047/pd/DQT552BBM/?X-Search-Id=ef468c2372e3d1da3282&X-Product-Id=17071767&X-Search-Page=1&X-Search-Position=2&X-Search-Action=view|||0
Emag|||Consola Xbox One Slim, 500 GB + Joc Battlefield 1 Xbox One|||https://www.emag.ro/consola-xbox-one-slim-500-gb-joc-battlefield-1-xbox-one-zq9-00038/pd/D58PR2BBM/?X-Search-Id=ef468c2372e3d1da3282&X-Product-Id=17071768&X-Search-Page=1&X-Search-Position=3&X-Search-Action=view|||0
Emag|||Consola Microsoft Xbox One S 500GB + Minecraft Complete
Adventure + 3 Month Xbox Game Pass + 3 Month Xbox Live vouchers|||https://www.emag.ro/consola-microsoft-xbox-one-s-500gb-minecraft-complete-adventure-3-month-xbox-game-pass-3-month-xbox-live-vouchers-889842243116/pd/DZQ4QFBBM/?X-Search-Id=ef468c2372e3d1da3282&X-Product-Id=4497243&X-Search-Page=1&X-Search-Position=5&X-Search-Action=view|||0
Emag|||Consola Microsoft Xbox One Slim 500 Gb + Forza Horizon 3 + Hot Wheels|||https://www.emag.ro/consola-microsoft-xbox-one-slim-500-gb-forza-horizon-3-hot-wheels-xb1sfh3hw/pd/D5G330BBM/?X-Search-Id=ef468c2372e3d1da3282&X-Product-Id=27294088&X-Search-Page=1&X-Search-Position=9&X-Search-Action=view|||0
Emag|||Consola Microsoft Xbox One Slim 500 GB + Joc Assassin's Creed Origins|||https://www.emag.ro/consola-microsoft-xbox-one-slim-500-gb-joc-assassin-s-creed-origins-zq9-00234/pd/DS9P4NBBM/?X-Search-Id=ef468c2372e3d1da3282&X-Product-Id=3832092&X-Search-Page=1&X-Search-Position=12&X-Search-Action=view|||0
Emag|||Consola Xbox One Slim 500 GB, Alb + FIFA 17 + one month EA Acces|||https://www.emag.ro/consola-xbox-one-slim-500-gb-alb-fifa-17-one-month-ea-acces-zq9-00056/pd/DW35X2BBM/?X-Search-Id=ef468c2372e3d1da3282&X-Product-Id=26087792&X-Search-Page=1&X-Search-Position=13&X-Search-Action=view|||0
Emag|||Consola Microsoft Xbox One Slim 500 Gb + Forza Horizon 3|||https://www.emag.ro/consola-microsoft-xbox-one-slim-500-gb-forza-horizon-3-xb1sfh3/pd/D3G330BBM/?X-Search-Id=ef468c2372e3d1da3282&X-Product-Id=17910522&X-Search-Page=1&X-Search-Position=14&X-Search-Action=view|||0
Emag|||Consola Microsoft Xbox One Slim 1 Tb Custom Minecraft Minecraft (Download Code)|||https://www.emag.ro/consola-microsoft-xbox-one-slim-1-tb-custom-minecraft-minecraft-download-code-47783/pd/DKPK60BBM/?X-Search-Id=ef468c2372e3d1da3282&X-Product-Id=34298922&X-Search-Page=1&X-Search-Position=18&X-Search-Action=view|||0
Emag|||Consola Xbox One Slim 500 GB + Forza Horizon 3 + 3 Months Windows Live Gold|||https://www.emag.ro/consola-xbox-one-slim-500-gb-forza-horizon-3-3-months-windows-live-gold-zq900118-3h/pd/DMKXJNBBM/?X-Search-Id=ef468c2372e3d1da3282&X-Product-Id=28336525&X-Search-Page=1&X-Search-Position=20&X-Search-Action=view|||0
Emag|||Consola Microsoft Xbox One Slim 1TB|||https://www.emag.ro/consola-microsoft-xbox-one-slim-1tb-234-00012/pd/D1CM37BBM/?X-Search-Id=ef468c2372e3d1da3282&X-Product-Id=22216754&X-Search-Page=1&X-Search-Position=23&X-Search-Action=view|||0
Emag|||Consola Xbox One Slim Special Edition, 1 TB + Joc Gears of War 4 Xbox One|||https://www.emag.ro/consola-xbox-one-slim-special-edition-1-tb-joc-gears-of-war-4-xbox-one-234-00040/pd/DL6NL2BBM/?X-Search-Id=ef468c2372e3d1da3282&X-Product-Id=16591325&X-Search-Page=1&X-Search-Position=34&X-Search-Action=view|||0
Emag|||Consola Microsoft Xbox One S 1Tb Sea Of Thieves (Code In Box) Xbox One|||https://www.emag.ro/consola-microsoft-xbox-one-s-1tb-sea-of-thieves-code-in-box-xbox-one-52757/pd/DBS2ZFBBM/?X-Search-Id=ef468c2372e3d1da3282&X-Product-Id=32740316&X-Search-Page=1&X-Search-Position=35&X-Search-Action=view|||0
Altex|||Consola MICROSOFT Xbox One S 1TB, alb|||https://altex.ro/consola-microsoft-xbox-one-s-1tb-alb/|||1099
Altex|||Consola MICROSOFT Xbox One S 500 GB, alb|||https://altex.ro/consola-microsoft-xbox-one-s-500-gb-alb/|||949
Altex|||Consola MICROSOFT Xbox One X 1 TB, negru|||https://altex.ro/consola-microsoft-xbox-one-x-1-tb-negru/|||2099
Altex|||Consola MICROSOFT Xbox One S 1TB + joc Sea of Thieves (cod download)|||https://altex.ro/consola-microsoft-xbox-one-s-1tb-joc-sea-of-thieves-cod-download/|||1099
Altex|||Consola MICROSOFT Xbox One S 1TB, alb + joc PLAYERUNKNOWN'S BATTLEGROUNDS [PUBG] (cod download)|||https://altex.ro/consola-microsoft-xbox-one-s-1tb-alb-joc-playerunknown-s-battlegrounds-pubg-cod-download/|||1139
Altex|||Consola MICROSOFT Xbox One S 500 GB, alb + joc Minecraft Complete Adventure|||https://altex.ro/consola-microsoft-xbox-one-s-500-gb-alb-joc-minecraft-complete-adventure/|||1049
Altex|||Consola MICROSOFT Xbox One S 500 GB, alb + joc Minecraft Favourites (cod download)|||https://altex.ro/consola-microsoft-xbox-one-s-500-gb-alb-joc-minecraft-favourites-cod-download/|||1199
Altex|||Consola MICROSOFT Xbox One S 500 GB, alb + joc Rocket League (cod download)|||https://altex.ro/consola-microsoft-xbox-one-s-500-gb-alb-joc-rocket-league-cod-download/|||1099
Altex|||Consola MICROSOFT Xbox One S 1TB, alb + joc Forza Horizon 3 (cod download)|||https://altex.ro/consola-microsoft-xbox-one-s-1tb-alb-joc-forza-horizon-3-cod-download/|||1199
Altex|||Consola MICROSOFT Xbox One S 1TB, alb + joc Forza Horizon 3 + expansiune Hot Wheels (coduri download)|||https://altex.ro/consola-microsoft-xbox-one-s-1tb-alb-joc-forza-horizon-3-expansiune-hot-wheels-coduri-download/|||1349
Altex|||Consola MICROSOFT Xbox One S 1TB, alb + joc Assassin's Creed Origins + joc Tom Clancy’s Rainbow Six Siege (coduri download)|||https://altex.ro/consola-microsoft-xbox-one-s-1tb-alb-joc-assassin-s-creed-origins-joc-tom-clancy-s-rainbow-six-siege-coduri-download/|||1299
Altex|||Consola MICROSOFT Xbox One S 500 GB, alb + joc Forza Horizon 3 + expansiune Hot Wheels (coduri download)|||https://altex.ro/consola-microsoft-xbox-one-s-500-gb-alb-joc-forza-horizon-3-expansiune-hot-wheels-coduri-download/|||1149
Altex|||Consola MICROSOFT Xbox One S 1TB, alb|||https://altex.ro/consola-microsoft-xbox-one-s-1tb-alb/|||1099
Altex|||Consola MICROSOFT Xbox One S 1TB, alb + joc PLAYERUNKNOWN'S BATTLEGROUNDS [PUBG] (cod download)|||https://altex.ro/consola-microsoft-xbox-one-s-1tb-alb-joc-playerunknown-s-battlegrounds-pubg-cod-download/|||1139
Altex|||Consola MICROSOFT Xbox One S 500 GB, alb|||https://altex.ro/consola-microsoft-xbox-one-s-500-gb-alb/|||949
Altex|||Consola MICROSOFT Xbox One X 1 TB, negru|||https://altex.ro/consola-microsoft-xbox-one-x-1-tb-negru/|||2099
Altex|||Consola MICROSOFT Xbox One S 1 TB, Custom Minecraft + joc Minecraft + DLC Redstone Pack (coduri download)|||https://altex.ro/consola-microsoft-xbox-one-s-1-tb-custom-minecraft-joc-minecraft-dlc-redstone-pack-coduri-download/|||1517
Altex|||Consola MICROSOFT Xbox One S 1 TB, alb + joc Shadow of War (cod download)|||https://altex.ro/consola-microsoft-xbox-one-s-1-tb-alb-joc-shadow-of-war-cod-download/|||1499
Altex|||Consola MICROSOFT Xbox One S 1TB, alb + joc Forza Horizon 3 + expansiune Hot Wheels (coduri download)|||https://altex.ro/consola-microsoft-xbox-one-s-1tb-alb-joc-forza-horizon-3-expansiune-hot-wheels-coduri-download/|||1349
Altex|||Consola MICROSOFT Xbox One S 1TB, alb + joc Assassin's Creed Origins + joc Tom Clancy’s Rainbow Six Siege (coduri download)|||https://altex.ro/consola-microsoft-xbox-one-s-1tb-alb-joc-assassin-s-creed-origins-joc-tom-clancy-s-rainbow-six-siege-coduri-download/|||1299
Altex|||Consola MICROSOFT Xbox One S 500 GB, alb + joc Minecraft Favourites (cod download)|||https://altex.ro/consola-microsoft-xbox-one-s-500-gb-alb-joc-minecraft-favourites-cod-download/|||1199
Altex|||Consola MICROSOFT Xbox One S 1TB, alb + joc Forza Horizon 3 (cod download)|||https://altex.ro/consola-microsoft-xbox-one-s-1tb-alb-joc-forza-horizon-3-cod-download/|||1199
Altex|||Consola MICROSOFT Xbox One S 500 GB, alb + joc Shadow of War (cod download)|||https://altex.ro/consola-microsoft-xbox-one-s-500-gb-alb-joc-shadow-of-war-cod-download/|||1199
Altex|||Consola MICROSOFT Xbox One S 500 GB, alb + joc Forza Horizon 3 + expansiune Hot Wheels (coduri download)|||https://altex.ro/consola-microsoft-xbox-one-s-500-gb-alb-joc-forza-horizon-3-expansiune-hot-wheels-coduri-download/|||1149
Altex|||Consola MICROSOFT Xbox One S 1TB + joc Sea of Thieves (cod download)|||https://altex.ro/consola-microsoft-xbox-one-s-1tb-joc-sea-of-thieves-cod-download/|||1099
Altex|||Consola MICROSOFT Xbox One S 500 GB, alb + joc Rocket League (cod download)|||https://altex.ro/consola-microsoft-xbox-one-s-500-gb-alb-joc-rocket-league-cod-download/|||1099
Altex|||Consola MICROSOFT Xbox One S 500 GB, alb + joc Minecraft Complete Adventure|||https://altex.ro/consola-microsoft-xbox-one-s-500-gb-alb-joc-minecraft-complete-adventure/|||1049
Emag|||Consola Microsoft Xbox One Slim 500 GB, White|||https://www.emag.ro/consola-microsoft-xbox-one-slim-500-gb-white-zq9-00010/pd/D01LQ7BBM/|||0
Emag|||Consola Microsoft Xbox One X, 1TB, Negru|||https://www.emag.ro/consola-microsoft-xbox-one-x-1tb-negru-cyv-00010/pd/DHVK5KBBM/|||0
Emag|||Consola Micosoft Xbox One S 1 TB plus joc PLAYERUNKNOWN's Battlegrounds|||https://www.emag.ro/consola-micosoft-xbox-one-s-1-tb-plus-joc-playerunknown-s-battlegrounds-234-00310/pd/DNWHR9BBM/|||0
Emag|||Consola Microsoft Xbox One Slim 500 Gb + Forza Horizon 3 + Hot Wheels|||https://www.emag.ro/consola-microsoft-xbox-one-slim-500-gb-forza-horizon-3-hot-wheels-xb1sfh3hw/pd/D5G330BBM/|||0
Emag|||Consola Microsoft Xbox One Slim 500 GB + Joc Assassin's Creed Origins|||https://www.emag.ro/consola-microsoft-xbox-one-slim-500-gb-joc-assassin-s-creed-origins-zq9-00234/pd/DS9P4NBBM/|||0
Emag|||Consola Microsoft Xbox One Slim 1 Tb Custom Minecraft Minecraft (Download Code)|||https://www.emag.ro/consola-microsoft-xbox-one-slim-1-tb-custom-minecraft-minecraft-download-code-47783/pd/DKPK60BBM/|||0
Emag|||Consola Microsoft Xbox One Slim 1TB|||https://www.emag.ro/consola-microsoft-xbox-one-slim-1tb-234-00012/pd/D1CM37BBM/|||0
Emag|||Consola Xbox One Slim 500 GB, Alb + FIFA 17 + one month EA Acces|||https://www.emag.ro/consola-xbox-one-slim-500-gb-alb-fifa-17-one-month-ea-acces-zq9-00056/pd/DW35X2BBM/|||0
Emag|||Consola Microsoft Xbox One S 500GB + Minecraft Complete
Adventure + 3 Month Xbox Game Pass + 3 Month Xbox Live vouchers|||https://www.emag.ro/consola-microsoft-xbox-one-s-500gb-minecraft-complete-adventure-3-month-xbox-game-pass-3-month-xbox-live-vouchers-889842243116/pd/DZQ4QFBBM/|||0
Emag|||Consola Microsoft Xbox One Slim 500 Gb + Forza Horizon 3|||https://www.emag.ro/consola-microsoft-xbox-one-slim-500-gb-forza-horizon-3-xb1sfh3/pd/D3G330BBM/|||0
Emag|||Consola Xbox One Slim 500GB + joc Minecraft  pentru Xbox One|||https://www.emag.ro/consola-xbox-one-slim-500gb-joc-minecraft-pentru-xbox-one-zq9-00047/pd/DQT552BBM/|||0
Emag|||Consola Microsoft Xbox One S 500 GB + Forza Horizon 3|||https://www.emag.ro/consola-microsoft-xbox-one-s-500-gb-forza-horizon-3-zq9-00117/pd/DY6J7DBBM/|||0
Emag|||Consola Microsoft Xbox One Slim 500 Gb White|||https://www.emag.ro/consola-microsoft-xbox-one-slim-500-gb-white-40750/pd/D2LSQ7BBM/|||0
Emag|||Consola Xbox One Slim 500 GB, Alb + FIFA 17 (token)|||https://www.emag.ro/consola-xbox-one-slim-500-gb-alb-fifa-17-token-qr3-00161/pd/DLDB02BBM/|||0
Emag|||Consola Microsoft Xbox One Slim 1TB, Alb + Joc Forza Horizon 3|||https://www.emag.ro/consola-microsoft-xbox-one-slim-1tb-alb-joc-forza-horizon-3-119249/pd/DP8G4KBBM/|||0
Emag|||Consola Xbox One Slim, 500 GB + Joc Battlefield 1 Xbox One|||https://www.emag.ro/consola-xbox-one-slim-500-gb-joc-battlefield-1-xbox-one-zq9-00038/pd/D58PR2BBM/|||0
Emag|||Consola Microsoft Xbox One Slim 500 GB + Joc Assassin's Creed Origins + extra controller|||https://www.emag.ro/consola-microsoft-xbox-one-slim-500-gb-joc-assassin-s-creed-origins-extra-controller-zq9-00234bundle/pd/DXNY99BBM/|||0
Emag|||Consola Xbox One Slim Special Edition, 1 TB + Joc Gears of War 4 Xbox One|||https://www.emag.ro/consola-xbox-one-slim-special-edition-1-tb-joc-gears-of-war-4-xbox-one-234-00040/pd/DL6NL2BBM/|||0
Emag|||Consola Xbox One 500Gb Quantum Break Alba|||https://www.emag.ro/consola-xbox-one-500gb-quantum-break-alba-31209/pd/D6HMB2BBM/|||0
Emag|||Consola Xbox One S 500GB, alb + Forza Horizon 3 + Hot Wheels DLC|||https://www.emag.ro/consola-xbox-one-s-500gb-alb-forza-horizon-3-hot-wheels-dlc-dmt220bbm/pd/DL2S9FBBM/|||0
Emag|||Consola Microsoft Xbox ONE, 500 GB, Alba + Joc Sunset Overdrive|||https://www.emag.ro/consola-microsoft-xbox-one-500-gb-alba-joc-sunset-overdrive-6qz-00037/pd/DPCZBMBBM/|||0
Emag|||Consola Xbox One Slim 500 GB + Forza Horizon 3 + 3 Months Windows Live Gold|||https://www.emag.ro/consola-xbox-one-slim-500-gb-forza-horizon-3-3-months-windows-live-gold-zq900118-3h/pd/DMKXJNBBM/|||0
Emag|||Consola Microsoft Xbox One S 1TB Fifa 17 Limited Edition Bundle|||https://www.emag.ro/consola-microsoft-xbox-one-s-1tb-fifa-17-limited-edition-bundle-36630/pd/DL7ZR2BBM/|||0
Emag|||Consola Microsoft Xbox One S 500 Gb Alb Rocket League|||https://www.emag.ro/consola-microsoft-xbox-one-s-500-gb-alb-rocket-league-49720/pd/D5C7C9BBM/|||0
Emag|||Consola Microsoft Xbox One S 500 Gb Alb Minecraft Complete|||https://www.emag.ro/consola-microsoft-xbox-one-s-500-gb-alb-minecraft-complete-49723/pd/DZC7C9BBM/|||0
Emag|||Consola Microsoft Xbox One S 1Tb Alb Forza Horizon 3 Expansiune Hot Wheels (Download Codes)|||https://www.emag.ro/consola-microsoft-xbox-one-s-1tb-alb-forza-horizon-3-expansiune-hot-wheels-download-codes-50111/pd/D1C7C9BBM/|||0
Emag|||Consola Xbox One Slim 1TB plus joc Forza Horizon 3|||https://www.emag.ro/consola-xbox-one-slim-1tb-plus-joc-forza-horizon-3-234-00113/pd/DVMD1KBBM/|||0
Emag|||Consola Microsoft Xbox One S 1Tb Alb Assassin's Creed Origins Tom Clancy’S Rainbow Six Siege (Download Codes)|||https://www.emag.ro/consola-microsoft-xbox-one-s-1tb-alb-assassin-s-creed-origins-tom-clancy-s-rainbow-six-siege-download-codes-50097/pd/DQC7C9BBM/|||0
Emag|||Consola Microsoft Xbox One S 1Tb Sea Of Thieves (Code In Box) Xbox One|||https://www.emag.ro/consola-microsoft-xbox-one-s-1tb-sea-of-thieves-code-in-box-xbox-one-52757/pd/DBS2ZFBBM/|||0
Emag|||Consola Xbox One S 500GB, alb + Forza Horizon 3 + Hot Wheels DLC|||https://www.emag.ro/consola-xbox-one-s-500gb-alb-forza-horizon-3-hot-wheels-dlc-zq9-00211/pd/DMT220BBM/|||0
Emag|||Consola Xbox One Slim, 500 GB + Joc Forza Horizon 3, Alb|||https://www.emag.ro/consola-xbox-one-slim-500-gb-joc-forza-horizon-3-alb-c1058274/pd/DDZMTDBBM/|||0
Emag|||Consola Xbox One Slim, 1TB, plus joc Halo Wars 2 Ultimate Edition|||https://www.emag.ro/consola-xbox-one-slim-1tb-plus-joc-halo-wars-2-ultimate-edition-234-00136/pd/DJ90G7BBM/|||0
Emag|||Consola Microsoft Xbox One S 1 Tb Alb Shadow Of War|||https://www.emag.ro/consola-microsoft-xbox-one-s-1-tb-alb-shadow-of-war-49379/pd/DLC7C9BBM/|||0
Emag|||Consola Microsoft Xbox One Slim 500GB, Alb + FIFA 17 (token) + 1 luna EA Access|||https://www.emag.ro/consola-microsoft-xbox-one-slim-500gb-alb-fifa-17-token-1-luna-ea-access-111782/pd/D08G4KBBM/|||0
Emag|||Consola Microsoft Xbox One Slim 500Gb Alb Joc Shadow Of War (Download Code)|||https://www.emag.ro/consola-microsoft-xbox-one-slim-500gb-alb-joc-shadow-of-war-download-code-47780/pd/DWS350BBM/|||0

